id,identifier,evolves_from_species_id,evolution_chain_id,capture_rate,growth_rate_id
1,bulbasaur,-1,1,45,4
2,ivysaur,1,1,45,4
3,venusaur,2,1,45,4
4,charmander,-1,2,45,4
5,charmeleon,4,2,45,4
6,charizard,5,2,45,4
7,squirtle,-1,3,45,4
8,wartortle,7,3,45,4
9,blastoise,8,3,45,4
10,caterpie,-1,4,255,2
11,metapod,10,4,120,2
12,butterfree,11,4,45,2
13,weedle,-1,5,255,2
14,kakuna,13,5,120,2
15,beedrill,14,5,45,2
16,pidgey,-1,6,255,4
17,pidgeotto,16,6,120,4
18,pidgeot,17,6,45,4
19,rattata,-1,7,255,2
20,raticate,19,7,127,2
21,spearow,-1,8,255,2
22,fearow,21,8,90,2
23,ekans,-1,9,255,2
24,arbok,23,9,90,2
25,pikachu,172,10,190,2
26,raichu,25,10,75,2
27,sandshrew,-1,11,255,2
28,sandslash,27,11,90,2
29,nidoran-f,-1,12,235,4
30,nidorina,29,12,120,4
31,nidoqueen,30,12,45,4
32,nidoran-m,-1,13,235,4
33,nidorino,32,13,120,4
34,nidoking,33,13,45,4
35,clefairy,173,14,150,3
36,clefable,35,14,25,3
37,vulpix,-1,15,190,2
38,ninetales,37,15,75,2
39,jigglypuff,174,16,170,3
40,wigglytuff,39,16,50,3
41,zubat,-1,17,255,2
42,golbat,41,17,90,2
43,oddish,-1,18,255,4
44,gloom,43,18,120,4
45,vileplume,44,18,45,4
46,paras,-1,19,190,2
47,parasect,46,19,75,2
48,venonat,-1,20,190,2
49,venomoth,48,20,75,2
50,diglett,-1,21,255,2
51,dugtrio,50,21,50,2
52,meowth,-1,22,255,2
53,persian,52,22,90,2
54,psyduck,-1,23,190,2
55,golduck,54,23,75,2
56,mankey,-1,24,190,2
57,primeape,56,24,75,2
58,growlithe,-1,25,190,1
59,arcanine,58,25,75,1
60,poliwag,-1,26,255,4
61,poliwhirl,60,26,120,4
62,poliwrath,61,26,45,4
63,abra,-1,27,200,4
64,kadabra,63,27,100,4
65,alakazam,64,27,50,4
66,machop,-1,28,180,4
67,machoke,66,28,90,4
68,machamp,67,28,45,4
69,bellsprout,-1,29,255,4
70,weepinbell,69,29,120,4
71,victreebel,70,29,45,4
72,tentacool,-1,30,190,1
73,tentacruel,72,30,60,1
74,geodude,-1,31,255,4
75,graveler,74,31,120,4
76,golem,75,31,45,4
77,ponyta,-1,32,190,2
78,rapidash,77,32,60,2
79,slowpoke,-1,33,190,2
80,slowbro,79,33,75,2
81,magnemite,-1,34,190,2
82,magneton,81,34,60,2
83,farfetchd,-1,35,45,2
84,doduo,-1,36,190,2
85,dodrio,84,36,45,2
86,seel,-1,37,190,2
87,dewgong,86,37,75,2
88,grimer,-1,38,190,2
89,muk,88,38,75,2
90,shellder,-1,39,190,1
91,cloyster,90,39,60,1
92,gastly,-1,40,190,4
93,haunter,92,40,90,4
94,gengar,93,40,45,4
95,onix,-1,41,45,2
96,drowzee,-1,42,190,2
97,hypno,96,42,75,2
98,krabby,-1,43,225,2
99,kingler,98,43,60,2
100,voltorb,-1,44,190,2
101,electrode,100,44,60,2
102,exeggcute,-1,45,90,1
103,exeggutor,102,45,45,1
104,cubone,-1,46,190,2
105,marowak,104,46,75,2
106,hitmonlee,236,47,45,2
107,hitmonchan,236,47,45,2
108,lickitung,-1,48,45,2
109,koffing,-1,49,190,2
110,weezing,109,49,60,2
111,rhyhorn,-1,50,120,1
112,rhydon,111,50,60,1
113,chansey,440,51,30,3
114,tangela,-1,52,45,2
115,kangaskhan,-1,53,45,2
116,horsea,-1,54,225,2
117,seadra,116,54,75,2
118,goldeen,-1,55,225,2
119,seaking,118,55,60,2
120,staryu,-1,56,225,1
121,starmie,120,56,60,1
122,mr-mime,439,57,45,2
123,scyther,-1,58,45,2
124,jynx,238,59,45,2
125,electabuzz,239,60,45,2
126,magmar,240,61,45,2
127,pinsir,-1,62,45,1
128,tauros,-1,63,45,1
129,magikarp,-1,64,255,1
130,gyarados,129,64,45,1
131,lapras,-1,65,45,1
132,ditto,-1,66,35,2
133,eevee,-1,67,45,2
134,vaporeon,133,67,45,2
135,jolteon,133,67,45,2
136,flareon,133,67,45,2
137,porygon,-1,68,45,2
138,omanyte,-1,69,45,2
139,omastar,138,69,45,2
140,kabuto,-1,70,45,2
141,kabutops,140,70,45,2
142,aerodactyl,-1,71,45,1
143,snorlax,446,72,25,1
144,articuno,-1,73,3,1
145,zapdos,-1,74,3,1
146,moltres,-1,75,3,1
147,dratini,-1,76,45,1
148,dragonair,147,76,45,1
149,dragonite,148,76,45,1
150,mewtwo,-1,77,3,1
151,mew,-1,78,45,4
152,chikorita,-1,79,45,4
153,bayleef,152,79,45,4
154,meganium,153,79,45,4
155,cyndaquil,-1,80,45,4
156,quilava,155,80,45,4
157,typhlosion,156,80,45,4
158,totodile,-1,81,45,4
159,croconaw,158,81,45,4
160,feraligatr,159,81,45,4
161,sentret,-1,82,255,2
162,furret,161,82,90,2
163,hoothoot,-1,83,255,2
164,noctowl,163,83,90,2
165,ledyba,-1,84,255,3
166,ledian,165,84,90,3
167,spinarak,-1,85,255,3
168,ariados,167,85,90,3
169,crobat,42,17,90,2
170,chinchou,-1,86,190,1
171,lanturn,170,86,75,1
172,pichu,-1,10,190,2
173,cleffa,-1,14,150,3
174,igglybuff,-1,16,170,3
175,togepi,-1,87,190,3
176,togetic,175,87,75,3
177,natu,-1,88,190,2
178,xatu,177,88,75,2
179,mareep,-1,89,235,4
180,flaaffy,179,89,120,4
181,ampharos,180,89,45,4
182,bellossom,44,18,45,4
183,marill,298,90,190,3
184,azumarill,183,90,75,3
185,sudowoodo,438,91,65,2
186,politoed,61,26,45,4
187,hoppip,-1,92,255,4
188,skiploom,187,92,120,4
189,jumpluff,188,92,45,4
190,aipom,-1,93,45,3
191,sunkern,-1,94,235,4
192,sunflora,191,94,120,4
193,yanma,-1,95,75,2
194,wooper,-1,96,255,2
195,quagsire,194,96,90,2
196,espeon,133,67,45,2
197,umbreon,133,67,45,2
198,murkrow,-1,97,30,4
199,slowking,79,33,70,2
200,misdreavus,-1,98,45,3
201,unown,-1,99,225,2
202,wobbuffet,360,100,45,2
203,girafarig,-1,101,60,2
204,pineco,-1,102,190,2
205,forretress,204,102,75,2
206,dunsparce,-1,103,190,2
207,gligar,-1,104,60,4
208,steelix,95,41,25,2
209,snubbull,-1,105,190,3
210,granbull,209,105,75,3
211,qwilfish,-1,106,45,2
212,scizor,123,58,25,2
213,shuckle,-1,107,190,4
214,heracross,-1,108,45,1
215,sneasel,-1,109,60,4
216,teddiursa,-1,110,120,2
217,ursaring,216,110,60,2
218,slugma,-1,111,190,2
219,magcargo,218,111,75,2
220,swinub,-1,112,225,1
221,piloswine,220,112,75,1
222,corsola,-1,113,60,3
223,remoraid,-1,114,190,2
224,octillery,223,114,75,2
225,delibird,-1,115,45,3
226,mantine,458,116,25,1
227,skarmory,-1,117,25,1
228,houndour,-1,118,120,1
229,houndoom,228,118,45,1
230,kingdra,117,54,45,2
231,phanpy,-1,119,120,2
232,donphan,231,119,60,2
233,porygon2,137,68,45,2
234,stantler,-1,120,45,1
235,smeargle,-1,121,45,3
236,tyrogue,-1,47,75,2
237,hitmontop,236,47,45,2
238,smoochum,-1,59,45,2
239,elekid,-1,60,45,2
240,magby,-1,61,45,2
241,miltank,-1,122,45,1
242,blissey,113,51,30,3
243,raikou,-1,123,3,1
244,entei,-1,124,3,1
245,suicune,-1,125,3,1
246,larvitar,-1,126,45,1
247,pupitar,246,126,45,1
248,tyranitar,247,126,45,1
249,lugia,-1,127,3,1
250,ho-oh,-1,128,3,1
251,celebi,-1,129,45,4
252,treecko,-1,130,45,4
253,grovyle,252,130,45,4
254,sceptile,253,130,45,4
255,torchic,-1,131,45,4
256,combusken,255,131,45,4
257,blaziken,256,131,45,4
258,mudkip,-1,132,45,4
259,marshtomp,258,132,45,4
260,swampert,259,132,45,4
261,poochyena,-1,133,255,2
262,mightyena,261,133,127,2
263,zigzagoon,-1,134,255,2
264,linoone,263,134,90,2
265,wurmple,-1,135,255,2
266,silcoon,265,135,120,2
267,beautifly,266,135,45,2
268,cascoon,265,135,120,2
269,dustox,268,135,45,2
270,lotad,-1,136,255,4
271,lombre,270,136,120,4
272,ludicolo,271,136,45,4
273,seedot,-1,137,255,4
274,nuzleaf,273,137,120,4
275,shiftry,274,137,45,4
276,taillow,-1,138,200,4
277,swellow,276,138,45,4
278,wingull,-1,139,190,2
279,pelipper,278,139,45,2
280,ralts,-1,140,235,1
281,kirlia,280,140,120,1
282,gardevoir,281,140,45,1
283,surskit,-1,141,200,2
284,masquerain,283,141,75,2
285,shroomish,-1,142,255,6
286,breloom,285,142,90,6
287,slakoth,-1,143,255,1
288,vigoroth,287,143,120,1
289,slaking,288,143,45,1
290,nincada,-1,144,255,5
291,ninjask,290,144,120,5
292,shedinja,290,144,45,5
293,whismur,-1,145,190,4
294,loudred,293,145,120,4
295,exploud,294,145,45,4
296,makuhita,-1,146,180,6
297,hariyama,296,146,200,6
298,azurill,-1,90,150,3
299,nosepass,-1,147,255,2
300,skitty,-1,148,255,3
301,delcatty,300,148,60,3
302,sableye,-1,149,45,4
303,mawile,-1,150,45,3
304,aron,-1,151,180,1
305,lairon,304,151,90,1
306,aggron,305,151,45,1
307,meditite,-1,152,180,2
308,medicham,307,152,90,2
309,electrike,-1,153,120,1
310,manectric,309,153,45,1
311,plusle,-1,154,200,2
312,minun,-1,155,200,2
313,volbeat,-1,156,150,5
314,illumise,-1,157,150,6
315,roselia,406,158,150,4
316,gulpin,-1,159,225,6
317,swalot,316,159,75,6
318,carvanha,-1,160,225,1
319,sharpedo,318,160,60,1
320,wailmer,-1,161,125,6
321,wailord,320,161,60,6
322,numel,-1,162,255,2
323,camerupt,322,162,150,2
324,torkoal,-1,163,90,2
325,spoink,-1,164,255,3
326,grumpig,325,164,60,3
327,spinda,-1,165,255,3
328,trapinch,-1,166,255,4
329,vibrava,328,166,120,4
330,flygon,329,166,45,4
331,cacnea,-1,167,190,4
332,cacturne,331,167,60,4
333,swablu,-1,168,255,5
334,altaria,333,168,45,5
335,zangoose,-1,169,90,5
336,seviper,-1,170,90,6
337,lunatone,-1,171,45,3
338,solrock,-1,172,45,3
339,barboach,-1,173,190,2
340,whiscash,339,173,75,2
341,corphish,-1,174,205,6
342,crawdaunt,341,174,155,6
343,baltoy,-1,175,255,2
344,claydol,343,175,90,2
345,lileep,-1,176,45,5
346,cradily,345,176,45,5
347,anorith,-1,177,45,5
348,armaldo,347,177,45,5
349,feebas,-1,178,255,5
350,milotic,349,178,60,5
351,castform,-1,179,45,2
352,kecleon,-1,180,200,4
353,shuppet,-1,181,225,3
354,banette,353,181,45,3
355,duskull,-1,182,190,3
356,dusclops,355,182,90,3
357,tropius,-1,183,200,1
358,chimecho,433,184,45,3
359,absol,-1,185,30,4
360,wynaut,-1,100,125,2
361,snorunt,-1,186,190,2
362,glalie,361,186,75,2
363,spheal,-1,187,255,4
364,sealeo,363,187,120,4
365,walrein,364,187,45,4
366,clamperl,-1,188,255,5
367,huntail,366,188,60,5
368,gorebyss,366,188,60,5
369,relicanth,-1,189,25,1
370,luvdisc,-1,190,225,3
371,bagon,-1,191,45,1
372,shelgon,371,191,45,1
373,salamence,372,191,45,1
374,beldum,-1,192,3,1
375,metang,374,192,3,1
376,metagross,375,192,3,1
377,regirock,-1,193,3,1
378,regice,-1,194,3,1
379,registeel,-1,195,3,1
380,latias,-1,196,3,1
381,latios,-1,197,3,1
382,kyogre,-1,198,3,1
383,groudon,-1,199,3,1
384,rayquaza,-1,200,45,1
385,jirachi,-1,201,3,1
386,deoxys,-1,202,3,1
387,turtwig,-1,203,45,4
388,grotle,387,203,45,4
389,torterra,388,203,45,4
390,chimchar,-1,204,45,4
391,monferno,390,204,45,4
392,infernape,391,204,45,4
393,piplup,-1,205,45,4
394,prinplup,393,205,45,4
395,empoleon,394,205,45,4
396,starly,-1,206,255,4
397,staravia,396,206,120,4
398,staraptor,397,206,45,4
399,bidoof,-1,207,255,2
400,bibarel,399,207,127,2
401,kricketot,-1,208,255,4
402,kricketune,401,208,45,4
403,shinx,-1,209,235,4
404,luxio,403,209,120,4
405,luxray,404,209,45,4
406,budew,-1,158,255,4
407,roserade,315,158,75,4
408,cranidos,-1,211,45,5
409,rampardos,408,211,45,5
410,shieldon,-1,212,45,5
411,bastiodon,410,212,45,5
412,burmy,-1,213,120,2
413,wormadam,412,213,45,2
414,mothim,412,213,45,2
415,combee,-1,214,120,4
416,vespiquen,415,214,45,4
417,pachirisu,-1,215,200,2
418,buizel,-1,216,190,2
419,floatzel,418,216,75,2
420,cherubi,-1,217,190,2
421,cherrim,420,217,75,2
422,shellos,-1,218,190,2
423,gastrodon,422,218,75,2
424,ambipom,190,93,45,3
425,drifloon,-1,219,125,6
426,drifblim,425,219,60,6
427,buneary,-1,220,190,2
428,lopunny,427,220,60,2
429,mismagius,200,98,45,3
430,honchkrow,198,97,30,4
431,glameow,-1,221,190,3
432,purugly,431,221,75,3
433,chingling,-1,184,120,3
434,stunky,-1,223,225,2
435,skuntank,434,223,60,2
436,bronzor,-1,224,255,2
437,bronzong,436,224,90,2
438,bonsly,-1,91,255,2
439,mime-jr,-1,57,145,2
440,happiny,-1,51,130,3
441,chatot,-1,228,30,4
442,spiritomb,-1,229,100,2
443,gible,-1,230,45,1
444,gabite,443,230,45,1
445,garchomp,444,230,45,1
446,munchlax,-1,72,50,1
447,riolu,-1,232,75,4
448,lucario,447,232,45,4
449,hippopotas,-1,233,140,1
450,hippowdon,449,233,60,1
451,skorupi,-1,234,120,1
452,drapion,451,234,45,1
453,croagunk,-1,235,140,2
454,toxicroak,453,235,75,2
455,carnivine,-1,236,200,1
456,finneon,-1,237,190,5
457,lumineon,456,237,75,5
458,mantyke,-1,116,25,1
459,snover,-1,239,120,1
460,abomasnow,459,239,60,1
461,weavile,215,109,45,4
462,magnezone,82,34,30,2
463,lickilicky,108,48,30,2
464,rhyperior,112,50,30,1
465,tangrowth,114,52,30,2
466,electivire,125,60,30,2
467,magmortar,126,61,30,2
468,togekiss,176,87,30,3
469,yanmega,193,95,30,2
470,leafeon,133,67,45,2
471,glaceon,133,67,45,2
472,gliscor,207,104,30,4
473,mamoswine,221,112,50,1
474,porygon-z,233,68,30,2
475,gallade,281,140,45,1
476,probopass,299,147,60,2
477,dusknoir,356,182,45,3
478,froslass,361,186,75,2
479,rotom,-1,240,45,2
480,uxie,-1,241,3,1
481,mesprit,-1,242,3,1
482,azelf,-1,243,3,1
483,dialga,-1,244,3,1
484,palkia,-1,245,3,1
485,heatran,-1,246,3,1
486,regigigas,-1,247,3,1
487,giratina,-1,248,3,1
488,cresselia,-1,249,3,1
489,phione,-1,250,30,1
490,manaphy,-1,250,3,1
491,darkrai,-1,252,3,1
492,shaymin,-1,253,45,4
493,arceus,-1,254,3,1
494,victini,-1,255,3,1
495,snivy,-1,256,45,4
496,servine,495,256,45,4
497,serperior,496,256,45,4
498,tepig,-1,257,45,4
499,pignite,498,257,45,4
500,emboar,499,257,45,4
501,oshawott,-1,258,45,4
502,dewott,501,258,45,4
503,samurott,502,258,45,4
504,patrat,-1,259,255,2
505,watchog,504,259,255,2
506,lillipup,-1,260,255,4
507,herdier,506,260,120,4
508,stoutland,507,260,45,4
509,purrloin,-1,261,255,2
510,liepard,509,261,90,2
511,pansage,-1,262,190,2
512,simisage,511,262,75,2
513,pansear,-1,263,190,2
514,simisear,513,263,75,2
515,panpour,-1,264,190,2
516,simipour,515,264,75,2
517,munna,-1,265,190,3
518,musharna,517,265,75,3
519,pidove,-1,266,255,4
520,tranquill,519,266,120,4
521,unfezant,520,266,45,4
522,blitzle,-1,267,190,2
523,zebstrika,522,267,75,2
524,roggenrola,-1,268,255,4
525,boldore,524,268,120,4
526,gigalith,525,268,45,4
527,woobat,-1,269,190,2
528,swoobat,527,269,45,2
529,drilbur,-1,270,120,2
530,excadrill,529,270,60,2
531,audino,-1,271,255,3
532,timburr,-1,272,180,4
533,gurdurr,532,272,90,4
534,conkeldurr,533,272,45,4
535,tympole,-1,273,255,4
536,palpitoad,535,273,120,4
537,seismitoad,536,273,45,4
538,throh,-1,274,45,2
539,sawk,-1,275,45,2
540,sewaddle,-1,276,255,4
541,swadloon,540,276,120,4
542,leavanny,541,276,45,4
543,venipede,-1,277,255,4
544,whirlipede,543,277,120,4
545,scolipede,544,277,45,4
546,cottonee,-1,278,190,2
547,whimsicott,546,278,75,2
548,petilil,-1,279,190,2
549,lilligant,548,279,75,2
550,basculin,-1,280,25,2
551,sandile,-1,281,180,4
552,krokorok,551,281,90,4
553,krookodile,552,281,45,4
554,darumaka,-1,282,120,4
555,darmanitan,554,282,60,4
556,maractus,-1,283,255,2
557,dwebble,-1,284,190,2
558,crustle,557,284,75,2
559,scraggy,-1,285,180,2
560,scrafty,559,285,90,2
561,sigilyph,-1,286,45,2
562,yamask,-1,287,190,2
563,cofagrigus,562,287,90,2
564,tirtouga,-1,288,45,2
565,carracosta,564,288,45,2
566,archen,-1,289,45,2
567,archeops,566,289,45,2
568,trubbish,-1,290,190,2
569,garbodor,568,290,60,2
570,zorua,-1,291,75,4
571,zoroark,570,291,45,4
572,minccino,-1,292,255,3
573,cinccino,572,292,60,3
574,gothita,-1,293,200,4
575,gothorita,574,293,100,4
576,gothitelle,575,293,50,4
577,solosis,-1,294,200,4
578,duosion,577,294,100,4
579,reuniclus,578,294,50,4
580,ducklett,-1,295,190,2
581,swanna,580,295,45,2
582,vanillite,-1,296,255,1
583,vanillish,582,296,120,1
584,vanilluxe,583,296,45,1
585,deerling,-1,297,190,2
586,sawsbuck,585,297,75,2
587,emolga,-1,298,200,2
588,karrablast,-1,299,200,2
589,escavalier,588,299,75,2
590,foongus,-1,300,190,2
591,amoonguss,590,300,75,2
592,frillish,-1,301,190,2
593,jellicent,592,301,60,2
594,alomomola,-1,302,75,3
595,joltik,-1,303,190,2
596,galvantula,595,303,75,2
597,ferroseed,-1,304,255,2
598,ferrothorn,597,304,90,2
599,klink,-1,305,130,4
600,klang,599,305,60,4
601,klinklang,600,305,30,4
602,tynamo,-1,306,190,1
603,eelektrik,602,306,60,1
604,eelektross,603,306,30,1
605,elgyem,-1,307,255,2
606,beheeyem,605,307,90,2
607,litwick,-1,308,190,4
608,lampent,607,308,90,4
609,chandelure,608,308,45,4
610,axew,-1,309,75,1
611,fraxure,610,309,60,1
612,haxorus,611,309,45,1
613,cubchoo,-1,310,120,2
614,beartic,613,310,60,2
615,cryogonal,-1,311,25,2
616,shelmet,-1,312,200,2
617,accelgor,616,312,75,2
618,stunfisk,-1,313,75,2
619,mienfoo,-1,314,180,4
620,mienshao,619,314,45,4
621,druddigon,-1,315,45,2
622,golett,-1,316,190,2
623,golurk,622,316,90,2
624,pawniard,-1,317,120,2
625,bisharp,624,317,45,2
626,bouffalant,-1,318,45,2
627,rufflet,-1,319,190,1
628,braviary,627,319,60,1
629,vullaby,-1,320,190,1
630,mandibuzz,629,320,60,1
631,heatmor,-1,321,90,2
632,durant,-1,322,90,2
633,deino,-1,323,45,1
634,zweilous,633,323,45,1
635,hydreigon,634,323,45,1
636,larvesta,-1,324,45,1
637,volcarona,636,324,15,1
638,cobalion,-1,325,3,1
639,terrakion,-1,326,3,1
640,virizion,-1,327,3,1
641,tornadus,-1,328,3,1
642,thundurus,-1,329,3,1
643,reshiram,-1,330,3,1
644,zekrom,-1,331,3,1
645,landorus,-1,332,3,1
646,kyurem,-1,333,3,1
647,keldeo,-1,334,3,1
648,meloetta,-1,335,3,1
649,genesect,-1,336,3,1
650,chespin,-1,337,45,4
651,quilladin,650,337,45,4
652,chesnaught,651,337,45,4
653,fennekin,-1,338,45,4
654,braixen,653,338,45,4
655,delphox,654,338,45,4
656,froakie,-1,339,45,4
657,frogadier,656,339,45,4
658,greninja,657,339,45,4
659,bunnelby,-1,340,255,2
660,diggersby,659,340,127,2
661,fletchling,-1,341,255,4
662,fletchinder,661,341,120,4
663,talonflame,662,341,45,4
664,scatterbug,-1,342,255,2
665,spewpa,664,342,120,2
666,vivillon,665,342,45,2
667,litleo,-1,343,220,4
668,pyroar,667,343,65,4
669,flabebe,-1,344,225,2
670,floette,669,344,120,2
671,florges,670,344,45,2
672,skiddo,-1,345,200,2
673,gogoat,672,345,45,2
674,pancham,-1,346,220,2
675,pangoro,674,346,65,2
676,furfrou,-1,347,160,2
677,espurr,-1,348,190,2
678,meowstic,677,348,75,2
679,honedge,-1,349,180,2
680,doublade,679,349,90,2
681,aegislash,680,349,45,2
682,spritzee,-1,350,200,2
683,aromatisse,682,350,140,2
684,swirlix,-1,351,200,2
685,slurpuff,684,351,140,2
686,inkay,-1,352,190,2
687,malamar,686,352,80,2
688,binacle,-1,353,120,2
689,barbaracle,688,353,45,2
690,skrelp,-1,354,225,2
691,dragalge,690,354,55,2
692,clauncher,-1,355,225,1
693,clawitzer,692,355,55,1
694,helioptile,-1,356,190,2
695,heliolisk,694,356,75,2
696,tyrunt,-1,357,45,2
697,tyrantrum,696,357,45,2
698,amaura,-1,358,45,2
699,aurorus,698,358,45,2
700,sylveon,133,67,45,2
701,hawlucha,-1,359,100,2
702,dedenne,-1,360,180,2
703,carbink,-1,361,60,1
704,goomy,-1,362,45,1
705,sliggoo,704,362,45,1
706,goodra,705,362,45,1
707,klefki,-1,363,75,3
708,phantump,-1,364,120,2
709,trevenant,708,364,60,2
710,pumpkaboo,-1,365,120,2
711,gourgeist,710,365,60,2
712,bergmite,-1,366,190,2
713,avalugg,712,366,55,2
714,noibat,-1,367,190,2
715,noivern,714,367,45,2
716,xerneas,-1,368,45,1
717,yveltal,-1,369,45,1
718,zygarde,-1,370,3,1
719,diancie,-1,371,3,1
720,hoopa,-1,372,3,1
721,volcanion,-1,373,3,1
722,rowlet,-1,374,45,4
723,dartrix,722,374,45,4
724,decidueye,723,374,45,4
725,litten,-1,375,45,4
726,torracat,725,375,45,4
727,incineroar,726,375,45,4
728,popplio,-1,376,45,4
729,brionne,728,376,45,4
730,primarina,729,376,45,4
731,pikipek,-1,377,255,2
732,trumbeak,731,377,120,2
733,toucannon,732,377,45,2
734,yungoos,-1,378,255,2
735,gumshoos,734,378,127,2
736,grubbin,-1,379,255,2
737,charjabug,736,379,120,2
738,vikavolt,737,379,45,2
739,crabrawler,-1,380,225,2
740,crabominable,739,380,60,2
741,oricorio,-1,381,45,2
742,cutiefly,-1,382,190,2
743,ribombee,742,382,75,2
744,rockruff,-1,383,190,2
745,lycanroc,744,383,90,2
746,wishiwashi,-1,384,60,3
747,mareanie,-1,385,190,2
748,toxapex,747,385,75,2
749,mudbray,-1,386,190,2
750,mudsdale,749,386,60,2
751,dewpider,-1,387,200,2
752,araquanid,751,387,100,2
753,fomantis,-1,388,190,2
754,lurantis,753,388,75,2
755,morelull,-1,389,190,2
756,shiinotic,755,389,75,2
757,salandit,-1,390,120,2
758,salazzle,757,390,45,2
759,stufful,-1,391,140,2
760,bewear,759,391,70,2
761,bounsweet,-1,392,235,4
762,steenee,761,392,120,4
763,tsareena,762,392,45,4
764,comfey,-1,393,60,3
765,oranguru,-1,394,45,1
766,passimian,-1,395,45,1
767,wimpod,-1,396,90,2
768,golisopod,767,396,45,2
769,sandygast,-1,397,140,2
770,palossand,769,397,60,2
771,pyukumuku,-1,398,60,3
772,type-null,-1,399,3,1
773,silvally,772,399,3,1
774,minior,-1,400,30,4
775,komala,-1,401,45,1
776,turtonator,-1,402,70,2
777,togedemaru,-1,403,180,2
778,mimikyu,-1,404,45,2
779,bruxish,-1,405,80,2
780,drampa,-1,406,70,2
781,dhelmise,-1,407,25,2
782,jangmo-o,-1,408,45,1
783,hakamo-o,782,408,45,1
784,kommo-o,783,408,45,1
785,tapu-koko,-1,409,3,1
786,tapu-lele,-1,410,3,1
787,tapu-bulu,-1,411,3,1
788,tapu-fini,-1,412,3,1
789,cosmog,-1,413,45,1
790,cosmoem,789,413,45,1
791,solgaleo,790,413,45,1
792,lunala,790,413,45,1
793,nihilego,-1,414,45,1
794,buzzwole,-1,415,45,1
795,pheromosa,-1,416,45,1
796,xurkitree,-1,417,45,1
797,celesteela,-1,418,45,1
798,kartana,-1,419,45,1
799,guzzlord,-1,420,45,1
800,necrozma,-1,421,255,1
801,magearna,-1,422,3,1
802,marshadow,-1,423,3,1
803,poipole,-1,424,45,1
804,naganadel,803,424,45,1
805,stakataka,-1,425,30,1
806,blacephalon,-1,426,30,1
807,zeraora,-1,427,3,1
808,meltan,-1,428,3,1
809,melmetal,808,429,3,1
810,grookey,-1,430,45,4
811,thwackey,810,430,45,4
812,rillaboom,811,430,45,4
813,scorbunny,-1,431,45,4
814,raboot,813,431,45,4
815,cinderace,814,431,45,4
816,sobble,-1,432,45,4
817,drizzile,816,432,45,4
818,inteleon,817,432,45,4
819,skwovet,-1,433,255,2
820,greedent,819,433,90,2
821,rookidee,-1,434,255,4
822,corvisquire,821,434,120,4
823,corviknight,822,434,45,4
824,blipbug,-1,435,255,2
825,dottler,824,435,120,2
826,orbeetle,825,435,45,2
827,nickit,-1,436,255,3
828,thievul,827,436,127,3
829,gossifleur,-1,437,190,2
830,eldegoss,829,437,75,2
831,wooloo,-1,438,255,2
832,dubwool,831,438,127,2
833,chewtle,-1,439,255,2
834,drednaw,833,439,75,2
835,yamper,-1,440,255,3
836,boltund,835,440,45,3
837,rolycoly,-1,441,255,4
838,carkol,837,441,120,4
839,coalossal,838,441,45,4
840,applin,-1,442,255,5
841,flapple,840,442,45,5
842,appletun,840,442,45,5
843,silicobra,-1,443,255,2
844,sandaconda,843,443,120,2
845,cramorant,-1,444,45,2
846,arrokuda,-1,445,255,1
847,barraskewda,846,445,60,1
848,toxel,-1,446,75,4
849,toxtricity,848,446,45,4
850,sizzlipede,-1,447,190,2
851,centiskorch,850,447,75,2
852,clobbopus,-1,448,180,4
853,grapploct,852,448,45,4
854,sinistea,-1,449,120,2
855,polteageist,854,449,60,2
856,hatenna,-1,450,235,1
857,hattrem,856,450,120,1
858,hatterene,857,450,45,1
859,impidimp,-1,451,255,2
860,morgrem,859,451,120,2
861,grimmsnarl,860,451,45,2
862,obstagoon,264,134,45,2
863,perrserker,52,22,90,2
864,cursola,222,113,30,3
865,sirfetchd,83,35,45,2
866,mr-rime,122,57,45,2
867,runerigus,562,287,90,2
868,milcery,-1,452,200,2
869,alcremie,868,452,100,2
870,falinks,-1,453,45,2
871,pincurchin,-1,454,75,2
872,snom,-1,455,190,2
873,frosmoth,872,455,75,2
874,stonjourner,-1,456,60,1
875,eiscue,-1,457,60,1
876,indeedee,-1,458,30,3
877,morpeko,-1,459,180,2
878,cufant,-1,460,190,2
879,copperajah,878,460,90,2
880,dracozolt,-1,461,45,1
881,arctozolt,-1,462,45,1
882,dracovish,-1,463,45,1
883,arctovish,-1,464,45,1
884,duraludon,-1,465,45,2
885,dreepy,-1,466,45,1
886,drakloak,885,466,45,1
887,dragapult,886,466,45,1
888,zacian,-1,467,10,1
889,zamazenta,-1,468,10,1
890,eternatus,-1,469,255,1
891,kubfu,-1,470,3,1
892,urshifu,891,470,3,1
893,zarude,-1,471,3,1
894,regieleki,-1,472,3,1
895,regidrago,-1,473,3,1
896,glastrier,-1,474,3,1
897,spectrier,-1,475,3,1
898,calyrex,-1,476,3,1
899,wyrdeer,234,120,135,1
900,kleavor,123,58,115,2
901,ursaluna,217,110,75,2
902,basculegion,550,280,135,2
903,sneasler,215,109,135,4
904,overqwil,211,106,135,2
905,enamorus,-1,477,3,1
906,sprigatito,-1,478,45,4
907,floragato,906,478,45,4
908,meowscarada,907,478,45,4
909,fuecoco,-1,479,45,4
910,crocalor,909,479,45,4
911,skeledirge,910,479,45,4
912,quaxly,-1,480,45,4
913,quaxwell,912,480,45,4
914,quaquaval,913,480,45,4
915,lechonk,-1,481,255,2
916,oinkologne,915,481,100,2
917,tarountula,-1,482,255,5
918,spidops,917,482,120,5
919,nymble,-1,483,190,2
920,lokix,919,483,30,2
921,pawmi,-1,484,190,2
922,pawmo,921,484,80,2
923,pawmot,922,484,45,2
924,tandemaus,-1,485,150,3
925,maushold,924,485,75,3
926,fidough,-1,486,190,4
927,dachsbun,926,486,90,4
928,smoliv,-1,487,255,4
929,dolliv,928,487,120,4
930,arboliva,929,487,45,4
931,squawkabilly,-1,488,190,5
932,nacli,-1,489,255,4
933,naclstack,932,489,120,4
934,garganacl,933,489,45,4
935,charcadet,-1,490,90,1
936,armarouge,935,490,25,1
937,ceruledge,935,490,25,1
938,tadbulb,-1,491,190,2
939,bellibolt,938,491,50,2
940,wattrel,-1,492,180,4
941,kilowattrel,940,492,90,4
942,maschiff,-1,493,150,4
943,mabosstiff,942,493,75,4
944,shroodle,-1,494,190,4
945,grafaiai,944,494,90,4
946,bramblin,-1,495,190,2
947,brambleghast,946,495,45,2
948,toedscool,-1,496,190,4
949,toedscruel,948,496,90,4
950,klawf,-1,497,120,2
951,capsakid,-1,498,190,2
952,scovillain,951,498,75,2
953,rellor,-1,499,190,3
954,rabsca,953,499,45,3
955,flittle,-1,500,120,4
956,espathra,955,500,60,4
957,tinkatink,-1,501,190,4
958,tinkatuff,957,501,90,4
959,tinkaton,958,501,45,4
960,wiglett,-1,502,255,2
961,wugtrio,960,502,50,2
962,bombirdier,-1,503,25,1
963,finizen,-1,504,200,1
964,palafin,963,504,45,1
965,varoom,-1,505,190,2
966,revavroom,965,505,75,2
967,cyclizar,-1,506,190,4
968,orthworm,-1,507,25,1
969,glimmet,-1,508,70,4
970,glimmora,969,508,25,4
971,greavard,-1,509,120,4
972,houndstone,971,509,60,4
973,flamigo,-1,510,100,4
974,cetoddle,-1,511,150,4
975,cetitan,974,511,50,4
976,veluza,-1,512,100,3
977,dondozo,-1,513,25,1
978,tatsugiri,-1,514,100,4
979,annihilape,57,24,45,2
980,clodsire,194,96,90,2
981,farigiraf,203,101,45,2
982,dudunsparce,206,103,45,2
983,kingambit,625,317,25,2
984,great-tusk,-1,515,30,1
985,scream-tail,-1,516,50,1
986,brute-bonnet,-1,517,50,1
987,flutter-mane,-1,518,30,1
988,slither-wing,-1,519,30,1
989,sandy-shocks,-1,520,30,1
990,iron-treads,-1,521,30,1
991,iron-bundle,-1,522,50,1
992,iron-hands,-1,523,50,1
993,iron-jugulis,-1,524,30,1
994,iron-moth,-1,525,30,1
995,iron-thorns,-1,526,30,1
996,frigibax,-1,527,45,1
997,arctibax,996,527,25,1
998,baxcalibur,997,527,10,1
999,gimmighoul,-1,528,45,1
1000,gholdengo,999,528,45,1
1001,wo-chien,-1,529,6,1
1002,chien-pao,-1,530,6,1
1003,ting-lu,-1,531,6,1
1004,chi-yu,-1,532,6,1
1005,roaring-moon,-1,533,10,1
1006,iron-valiant,-1,534,10,1
1007,koraidon,-1,535,3,1
1008,miraidon,-1,536,3,1
1009,walking-wake,-1,537,5,1
1010,iron-leaves,-1,538,5,1